{
  "project_info": {
    "project_number": "1044084456047",
    "project_id": "guc-app-72ba1",
    "storage_bucket": "guc-app-72ba1.appspot.com"
  },
  "client": [
    {
      "client_info": {
        "mobilesdk_app_id": "1:1044084456047:android:f9b06fd47f0e22250aab9a",
        "android_client_info": {
          "package_name": "com.example.ibrahim.gucapp"
        }
      },
      "oauth_client": [],
      "api_key": [
        {
          "current_key": "AIzaSyAVuylGxeueuumL0qrjkYlbWezxfbhq3Pk"
        }
      ],
      "services": {
        "appinvite_service": {
          "other_platform_oauth_client": []
        }
      }
    }
  ],
  "configuration_version": "1"
}